29%,885000,1598098561
29%,870000,1598098621
28%,857000,1598098681
28%,850000,1598098741
28%,860000,1598098801
29%,876000,1598098862
29%,891000,1598098921
30%,907000,1598098981
30%,923000,1598099041
31%,938000,1598099101
31%,954000,1598099161
32%,970000,1598099222
32%,985000,1598099281
33%,999000,1598099341
33%,1010000,1598099401
34%,1027000,1598099461
34%,1041000,1598099521
35%,1051000,1598099581
35%,1066000,1598099641
36%,1082000,1598099701
36%,1096000,1598099761
37%,1112000,1598099821
37%,1129000,1598099881
38%,1145000,1598099941
38%,1162000,1598100001
39%,1179000,1598100061
39%,1195000,1598100121
40%,1212000,1598100182
40%,1228000,1598100241
41%,1245000,1598100301
42%,1261000,1598100361
42%,1278000,1598100421
43%,1295000,1598100481
43%,1311000,1598100542
44%,1328000,1598100601
44%,1344000,1598100661
45%,1361000,1598100721
45%,1377000,1598100781
46%,1394000,1598100841
47%,1411000,1598100901
47%,1427000,1598100961
48%,1444000,1598101021
48%,1460000,1598101081
49%,1477000,1598101141
49%,1494000,1598101201
50%,1510000,1598101261
50%,1527000,1598101322
51%,1541000,1598101381
51%,1552000,1598101441
52%,1569000,1598101501
72%,2170000,1598102460
71%,2158000,1598102521
71%,2145000,1598102581
71%,2133000,1598102641
70%,2121000,1598102701
70%,2109000,1598102761
69%,2097000,1598102821
69%,2085000,1598102881
69%,2072000,1598102941
68%,2063000,1598103001
68%,2058000,1598103061
68%,2054000,1598103121
68%,2049000,1598103181
68%,2045000,1598103241
68%,2040000,1598103301
67%,2029000,1598103361
67%,2023000,1598103421
67%,2018000,1598103481
67%,2014000,1598103541
66%,2009000,1598103601
66%,2005000,1598103661
66%,2000000,1598103721
66%,1996000,1598103781
66%,1991000,1598103841
66%,1987000,1598103901
66%,1982000,1598103962
65%,1978000,1598104021
65%,1973000,1598104081
65%,1969000,1598104141
65%,1964000,1598104201
65%,1959000,1598104261
65%,1955000,1598104322
65%,1950000,1598104381
64%,1946000,1598104441
64%,1941000,1598104501
64%,1937000,1598104561
64%,1932000,1598104621
64%,1927000,1598104681
64%,1923000,1598104741
63%,1918000,1598104801
63%,1914000,1598104861
63%,1909000,1598104921
63%,1905000,1598104981
63%,1900000,1598105041
63%,1895000,1598105102
63%,1891000,1598105161
62%,1886000,1598105221
62%,1882000,1598105281
62%,1877000,1598105341
62%,1872000,1598105401
62%,1868000,1598105462
62%,1863000,1598105521
61%,1856000,1598105581
61%,1850000,1598105641
61%,1845000,1598105701
61%,1840000,1598105761
61%,1836000,1598105821
61%,1831000,1598105882
60%,1826000,1598105941
60%,1822000,1598106001
60%,1817000,1598106061
60%,1812000,1598106121
60%,1808000,1598106181
60%,1803000,1598106241
59%,1798000,1598106302
59%,1790000,1598106361
59%,1779000,1598106421
59%,1774000,1598106481
58%,1769000,1598106541
58%,1765000,1598106601
58%,1760000,1598106661
58%,1755000,1598106722
58%,1751000,1598106781
58%,1746000,1598106841
58%,1741000,1598106901
57%,1737000,1598106961
57%,1732000,1598107021
57%,1727000,1598107082
57%,1723000,1598107141
57%,1718000,1598107201
57%,1713000,1598107261
56%,1709000,1598107321
56%,1704000,1598107381
56%,1700000,1598107442
56%,1695000,1598107501
56%,1690000,1598107561
56%,1686000,1598107621
56%,1681000,1598107681
55%,1676000,1598107741
55%,1672000,1598107801
55%,1667000,1598107862
55%,1663000,1598107921
55%,1658000,1598107981
55%,1653000,1598108041
54%,1649000,1598108101
54%,1644000,1598108161
54%,1639000,1598108222
54%,1635000,1598108281
54%,1630000,1598108341
54%,1625000,1598108401
54%,1621000,1598108461
53%,1616000,1598108521
53%,1611000,1598108581
53%,1607000,1598108641
53%,1602000,1598108701
53%,1597000,1598108761
53%,1593000,1598108821
52%,1588000,1598108881
52%,1583000,1598108941
52%,1578000,1598109002
52%,1574000,1598109061
52%,1569000,1598109121
52%,1564000,1598109181
51%,1559000,1598109241
51%,1555000,1598109301
51%,1550000,1598109362
51%,1545000,1598109421
51%,1541000,1598109481
51%,1536000,1598109541
51%,1531000,1598109601
50%,1526000,1598109661
50%,1522000,1598109721
50%,1517000,1598109782
50%,1512000,1598109841
50%,1508000,1598109901
50%,1503000,1598109961
49%,1498000,1598110021
49%,1493000,1598110081
49%,1489000,1598110142
49%,1484000,1598110201
49%,1479000,1598110261
49%,1474000,1598110321
48%,1470000,1598110381
48%,1461000,1598110441
48%,1453000,1598110501
48%,1448000,1598110562
48%,1444000,1598110621
47%,1439000,1598110681
47%,1434000,1598110741
47%,1429000,1598110801
47%,1425000,1598110861
47%,1420000,1598110921
47%,1415000,1598110981
47%,1410000,1598111041
46%,1405000,1598111101
46%,1401000,1598111161
46%,1396000,1598111221
46%,1391000,1598111281
46%,1386000,1598111342
46%,1382000,1598111401
45%,1377000,1598111461
45%,1372000,1598111521
45%,1367000,1598111581
45%,1362000,1598111641
45%,1358000,1598111702
45%,1353000,1598111761
44%,1348000,1598111821
44%,1343000,1598111881
44%,1339000,1598111941
44%,1334000,1598112001
44%,1329000,1598112061
44%,1324000,1598112122
43%,1319000,1598112181
43%,1315000,1598112241
43%,1310000,1598112301
43%,1303000,1598112361
43%,1297000,1598112421
43%,1292000,1598112481
42%,1287000,1598112542
42%,1283000,1598112601
42%,1278000,1598112661
42%,1273000,1598112721
42%,1268000,1598112781
42%,1263000,1598112841
41%,1258000,1598112902
41%,1254000,1598112961
41%,1249000,1598113021
41%,1244000,1598113081
41%,1239000,1598113141
41%,1234000,1598113201
40%,1230000,1598113262
40%,1225000,1598113321
40%,1220000,1598113381
40%,1215000,1598113441
40%,1210000,1598113501
40%,1205000,1598113561
40%,1200000,1598113621
39%,1196000,1598113682
39%,1191000,1598113741
39%,1186000,1598113801
39%,1181000,1598113861
39%,1176000,1598113921
39%,1171000,1598113981
38%,1167000,1598114042
38%,1162000,1598114101
38%,1157000,1598114161
38%,1152000,1598114221
38%,1147000,1598114281
38%,1142000,1598114341
37%,1138000,1598114402
37%,1133000,1598114461
37%,1128000,1598114521
37%,1123000,1598114581
37%,1118000,1598114641
37%,1113000,1598114701
36%,1109000,1598114761
36%,1104000,1598114822
36%,1099000,1598114881
36%,1094000,1598114941
36%,1089000,1598115001
36%,1084000,1598115061
35%,1079000,1598115121
35%,1075000,1598115182
35%,1070000,1598115241
35%,1065000,1598115301
35%,1060000,1598115361
35%,1055000,1598115421
35%,1050000,1598115481
34%,1046000,1598115541
34%,1041000,1598115601
34%,1036000,1598115661
34%,1029000,1598115721
34%,1022000,1598115781
33%,1017000,1598115841
33%,1013000,1598115901
33%,1008000,1598115961
33%,1003000,1598116021
33%,998000,1598116081
33%,994000,1598116141
32%,989000,1598116201
32%,984000,1598116261
32%,979000,1598116321
32%,974000,1598116382
32%,970000,1598116441
32%,963000,1598116501
31%,957000,1598116561
31%,952000,1598116621
31%,947000,1598116681
31%,943000,1598116741
31%,938000,1598116802
31%,933000,1598116861
30%,929000,1598116921
30%,924000,1598116981
30%,919000,1598117041
30%,914000,1598117101
30%,910000,1598117161
30%,905000,1598117222
30%,900000,1598117281
29%,896000,1598117341
29%,891000,1598117401
29%,886000,1598117461
29%,881000,1598117521
29%,877000,1598117582
29%,872000,1598117641
28%,867000,1598117701
28%,862000,1598117761
28%,858000,1598117821
28%,853000,1598117881
28%,848000,1598117942
28%,844000,1598118001
27%,839000,1598118061
27%,834000,1598118121
27%,829000,1598118181
27%,825000,1598118241
27%,820000,1598118301
27%,815000,1598118362
27%,811000,1598118421
26%,806000,1598118481
26%,801000,1598118541
26%,797000,1598118601
26%,792000,1598118661
26%,787000,1598118722
26%,783000,1598118781
25%,778000,1598118841
25%,773000,1598118901
25%,769000,1598118961
25%,764000,1598119021
25%,759000,1598119082
25%,755000,1598119141
25%,750000,1598119201
24%,746000,1598119261
24%,741000,1598119321
24%,736000,1598119381
24%,732000,1598119441
24%,727000,1598119502
24%,722000,1598119561
23%,718000,1598119621
23%,713000,1598119681
23%,708000,1598119741
23%,704000,1598119801
23%,699000,1598119862
22%,688000,1598119921
22%,683000,1598119981
22%,678000,1598120041
22%,674000,1598120101
22%,669000,1598120161
22%,664000,1598120221
21%,660000,1598120282
21%,655000,1598120341
21%,651000,1598120401
21%,646000,1598120461
21%,641000,1598120521
21%,636000,1598120581
21%,632000,1598120641
20%,627000,1598120702
20%,623000,1598120761
20%,618000,1598120821
20%,613000,1598120881
20%,609000,1598120941
20%,604000,1598121001
19%,600000,1598121062
19%,591000,1598121121
19%,577000,1598121181
18%,564000,1598121241
18%,551000,1598121301
17%,537000,1598121361
17%,523000,1598121421
16%,508000,1598121481
16%,494000,1598121541
16%,487000,1598121601
16%,482000,1598121662
15%,476000,1598121721
15%,471000,1598121781
15%,465000,1598121841
15%,460000,1598121901
15%,454000,1598121961
14%,441000,1598122021
14%,429000,1598122081
13%,415000,1598122141
13%,400000,1598122201
12%,385000,1598122261
12%,371000,1598122321
12%,361000,1598122381
11%,356000,1598122441
11%,350000,1598122501
11%,345000,1598122561
11%,340000,1598122621
11%,334000,1598122682
82%,2462000,1598192761
81%,2450000,1598192822
81%,2439000,1598192880
80%,2428000,1598192941
80%,2417000,1598193001
80%,2409000,1598193061
79%,2399000,1598193121
79%,2388000,1598193181
79%,2377000,1598193241,0.24,0.30,0.19,1/330,1672
78%,2366000,1598193302,0.37,0.32,0.20,1/326,1723
78%,2362000,1598193361,0.13,0.26,0.19,1/324,1734
78%,2358000,1598193421,0.05,0.21,0.17,1/324,1742
78%,2353000,1598193481,0.02,0.17,0.16,1/323,1750
78%,2349000,1598193541,0.00,0.14,0.15,1/323,1758
78%,2345000,1598193601,0.00,0.11,0.14,1/318,1766
78%,2341000,1598193662,0.00,0.08,0.13,1/318,1779
77%,2336000,1598193721,0.05,0.08,0.12,1/318,1787
77%,2332000,1598193781,0.02,0.07,0.11,1/318,1795
77%,2328000,1598193841,0.00,0.05,0.10,1/319,1804
77%,2323000,1598193901,0.00,0.04,0.09,1/319,1812
77%,2319000,1598193961,0.07,0.05,0.09,1/317,1821
77%,2315000,1598194022,0.02,0.03,0.08,1/317,1830
77%,2311000,1598194081,0.01,0.03,0.08,1/317,1838
76%,2306000,1598194141,0.00,0.02,0.07,1/317,1848
76%,2302000,1598194201,0.00,0.01,0.06,1/317,1856
76%,2298000,1598194261,0.00,0.01,0.06,1/317,1864
76%,2294000,1598194321,0.00,0.00,0.05,1/317,1872
76%,2289000,1598194381,0.00,0.00,0.05,1/317,1881
76%,2285000,1598194441,0.00,0.00,0.04,1/316,1889
76%,2281000,1598194501,0.00,0.00,0.04,1/316,1897
75%,2277000,1598194561,0.00,0.00,0.03,1/316,1906
75%,2272000,1598194621,0.00,0.00,0.02,1/316,1914
75%,2268000,1598194681,0.00,0.00,0.02,1/316,1922
75%,2264000,1598194741,0.00,0.00,0.01,1/316,1931
75%,2260000,1598194802,0.00,0.00,0.01,1/315,1939
75%,2255000,1598194861,0.00,0.00,0.00,1/316,1948
75%,2251000,1598194921,0.00,0.00,0.00,1/316,1956
74%,2247000,1598194981,0.00,0.00,0.00,1/316,1965
74%,2243000,1598195041,0.00,0.00,0.00,1/316,1973
74%,2238000,1598195101,0.00,0.00,0.00,1/316,1982
74%,2234000,1598195162,0.00,0.00,0.00,1/316,1992
74%,2230000,1598195221,0.00,0.00,0.00,1/316,2000
74%,2226000,1598195281,0.00,0.00,0.00,1/316,2008
74%,2222000,1598195341,0.00,0.00,0.00,1/316,2016
73%,2217000,1598195401,0.00,0.00,0.00,1/317,2025
73%,2213000,1598195461,0.00,0.00,0.00,1/317,2034
73%,2209000,1598195522,0.00,0.00,0.00,1/317,2042
73%,2205000,1598195581,0.00,0.00,0.00,1/318,2052
73%,2200000,1598195641,0.00,0.00,0.00,1/318,2060
73%,2196000,1598195701,0.00,0.00,0.00,1/317,2068
73%,2192000,1598195761,0.00,0.00,0.00,1/317,2077
72%,2188000,1598195821,0.00,0.00,0.00,1/318,2089
72%,2183000,1598195882,0.00,0.00,0.00,1/317,2097
72%,2179000,1598195941,0.00,0.00,0.00,1/317,2106
72%,2175000,1598196001,0.00,0.00,0.00,1/317,2114
72%,2171000,1598196061,0.00,0.00,0.00,1/317,2122
72%,2166000,1598196121,0.00,0.00,0.00,1/316,2131
72%,2162000,1598196181,0.00,0.00,0.00,1/316,2139
71%,2158000,1598196241,0.05,0.01,0.00,1/316,2147
71%,2154000,1598196302,0.02,0.01,0.00,1/316,2155
71%,2149000,1598196361,0.00,0.00,0.00,1/317,2175
71%,2145000,1598196421,0.00,0.00,0.00,1/316,2183
71%,2141000,1598196481,0.07,0.03,0.01,1/316,2192
71%,2137000,1598196541,0.02,0.02,0.00,1/316,2200
71%,2133000,1598196601,0.01,0.02,0.00,1/316,2208
70%,2128000,1598196662,0.00,0.01,0.00,1/317,2219
70%,2124000,1598196721,0.00,0.00,0.00,1/317,2227
70%,2120000,1598196781,0.00,0.00,0.00,1/317,2235
70%,2116000,1598196841,0.00,0.00,0.00,2/317,2244
70%,2111000,1598196901,0.00,0.00,0.00,1/317,2252
70%,2107000,1598196961,0.00,0.00,0.00,1/316,2261
70%,2103000,1598197022,0.00,0.00,0.00,1/316,2270
69%,2099000,1598197081,0.00,0.00,0.00,1/316,2278
69%,2094000,1598197141,0.00,0.00,0.00,1/316,2286
69%,2090000,1598197201,0.00,0.00,0.00,1/317,2296
69%,2086000,1598197261,0.00,0.00,0.00,1/317,2304
69%,2081000,1598197321,0.00,0.00,0.00,1/317,2312
69%,2077000,1598197382,0.00,0.00,0.00,1/317,2320
69%,2073000,1598197441,0.00,0.00,0.00,1/317,2328
68%,2069000,1598197501,0.00,0.00,0.00,2/317,2338
68%,2064000,1598197561,0.00,0.00,0.00,1/317,2348
68%,2060000,1598197621,0.00,0.00,0.00,1/317,2356
68%,2056000,1598197681,0.00,0.00,0.00,1/317,2364
68%,2052000,1598197741,0.00,0.00,0.00,1/317,2373
68%,2047000,1598197801,0.00,0.00,0.00,1/316,2381
68%,2043000,1598197861,0.00,0.00,0.00,1/316,2389
67%,2039000,1598197921,0.00,0.00,0.00,1/316,2398
67%,2034000,1598197981,0.00,0.00,0.00,1/316,2406
67%,2030000,1598198041,0.00,0.00,0.00,1/317,2415
67%,2026000,1598198101,0.00,0.00,0.00,1/317,2423
67%,2022000,1598198162,0.00,0.00,0.00,1/317,2432
67%,2017000,1598198221,0.16,0.03,0.01,1/317,2440
67%,2013000,1598198281,0.06,0.03,0.00,1/317,2449
66%,2009000,1598198341,0.02,0.02,0.00,1/317,2459
66%,2004000,1598198401,0.00,0.01,0.00,1/318,2468
66%,2000000,1598198461,0.00,0.01,0.00,1/318,2476
66%,1996000,1598198522,0.00,0.00,0.00,1/318,2484
66%,1987000,1598198581,0.43,0.11,0.04,1/326,2514
65%,1976000,1598198641,0.68,0.23,0.08,1/327,2527
65%,1964000,1598198701,0.92,0.39,0.15,1/325,2535
65%,1958000,1598198761,0.48,0.37,0.16,1/322,2550
65%,1953000,1598198821,0.17,0.30,0.15,1/322,2558
64%,1949000,1598198881,0.06,0.24,0.14,1/320,2568
64%,1945000,1598198941,0.27,0.27,0.15,1/319,2578
64%,1940000,1598199002,0.10,0.22,0.14,1/319,2586
64%,1936000,1598199061,0.04,0.18,0.13,1/318,2596
64%,1932000,1598199121,0.01,0.14,0.12,1/319,2605
64%,1927000,1598199181,0.00,0.11,0.10,1/318,2613
64%,1923000,1598199241,0.00,0.09,0.09,1/319,2622
63%,1919000,1598199301,0.00,0.07,0.09,1/319,2631
63%,1914000,1598199361,0.00,0.06,0.08,1/318,2641
63%,1910000,1598199421,0.00,0.04,0.07,2/317,2650
63%,1906000,1598199481,0.00,0.03,0.07,1/317,2658
63%,1901000,1598199541,0.00,0.02,0.06,1/316,2666
62%,1887000,1598199601,1.14,0.29,0.15,4/390,2851
62%,1873000,1598199661,1.54,0.57,0.26,1/393,2950
61%,1859000,1598199721,1.33,0.69,0.32,1/399,2996
61%,1846000,1598199781,1.40,0.87,0.40,1/333,3060
61%,1841000,1598199842,0.51,0.71,0.37,1/332,3068
61%,1836000,1598199901,0.19,0.57,0.35,1/324,3077
61%,1831000,1598199962,0.07,0.47,0.32,1/325,3089
60%,1826000,1598200021,0.02,0.38,0.30,1/325,3100
60%,1820000,1598200081,0.01,0.31,0.28,1/322,3108
60%,1815000,1598200141,0.00,0.25,0.26,1/323,3117
60%,1810000,1598200201,0.00,0.20,0.24,1/323,3125
48%,1447000,1598200321,1.30,0.31,0.10,2/393,902
47%,1434000,1598200381,1.40,0.51,0.19,2/343,959
47%,1423000,1598200441,0.76,0.49,0.20,1/337,980
47%,1419000,1598200501,0.28,0.40,0.18,1/336,988
47%,1414000,1598200561,0.10,0.33,0.17,1/336,996
47%,1410000,1598200621,0.35,0.34,0.18,1/324,1006
46%,1405000,1598200681,0.13,0.28,0.17,1/317,1015
46%,1401000,1598200741,0.05,0.23,0.16,1/316,1023
46%,1397000,1598200801,0.02,0.18,0.15,1/315,1031
46%,1392000,1598200861,0.00,0.15,0.14,1/315,1039
46%,1388000,1598200921,0.00,0.12,0.12,1/316,1049
46%,1383000,1598200981,0.00,0.09,0.11,1/315,1059
45%,1379000,1598201042,0.00,0.07,0.10,1/316,1069
45%,1374000,1598201101,0.00,0.06,0.09,1/316,1077
45%,1370000,1598201161,0.00,0.04,0.08,1/316,1085
45%,1366000,1598201221,0.00,0.03,0.08,2/317,1094
45%,1361000,1598201281,0.00,0.03,0.07,1/317,1104
45%,1357000,1598201341,0.00,0.02,0.07,1/316,1113
45%,1352000,1598201401,0.00,0.01,0.06,1/316,1121
44%,1348000,1598201461,0.14,0.05,0.07,1/316,1129
44%,1344000,1598201521,0.05,0.04,0.07,1/317,1138
44%,1339000,1598201581,0.02,0.03,0.06,1/316,1147
44%,1335000,1598201641,0.00,0.02,0.05,1/315,1157
44%,1330000,1598201701,0.00,0.02,0.05,1/317,1167
44%,1326000,1598201762,0.00,0.01,0.04,1/317,1175
44%,1322000,1598201821,0.00,0.01,0.04,1/317,1183
43%,1317000,1598201881,0.09,0.03,0.04,2/316,1192
43%,1313000,1598201941,0.03,0.02,0.04,1/316,1201
43%,1308000,1598202001,0.04,0.03,0.04,1/315,1210
43%,1304000,1598202061,0.01,0.02,0.03,1/315,1218
43%,1300000,1598202122,0.00,0.02,0.02,1/316,1227
43%,1295000,1598202181,0.00,0.01,0.02,1/315,1235
43%,1291000,1598202241,0.00,0.01,0.01,1/315,1245
42%,1286000,1598202301,0.00,0.00,0.01,1/315,1253
42%,1282000,1598202361,0.00,0.00,0.00,1/315,1262
42%,1278000,1598202421,0.00,0.00,0.00,1/316,1271
42%,1273000,1598202482,0.08,0.02,0.01,1/316,1279
42%,1269000,1598202541,0.03,0.01,0.00,1/316,1288
42%,1265000,1598202601,0.01,0.01,0.00,1/316,1297
42%,1260000,1598202661,0.00,0.00,0.00,1/316,1305
41%,1256000,1598202721,0.05,0.01,0.00,1/316,1316
41%,1251000,1598202781,0.02,0.01,0.00,1/316,1325
41%,1247000,1598202842,0.00,0.00,0.00,1/316,1334
41%,1243000,1598202901,0.08,0.03,0.01,1/316,1342
41%,1238000,1598202961,0.03,0.02,0.00,1/317,1352
41%,1234000,1598203021,0.01,0.02,0.00,1/317,1362
40%,1229000,1598203081,0.00,0.01,0.00,1/316,1370
40%,1225000,1598203141,0.00,0.00,0.00,1/316,1379
40%,1220000,1598203202,0.05,0.02,0.00,1/316,1387
40%,1216000,1598203261,0.02,0.01,0.00,1/315,1395
40%,1212000,1598203321,0.00,0.00,0.00,1/316,1404
40%,1207000,1598203381,0.00,0.00,0.00,1/315,1413
40%,1203000,1598203441,0.00,0.00,0.00,1/316,1422
39%,1198000,1598203501,0.00,0.00,0.00,1/318,1435
39%,1194000,1598203562,0.00,0.00,0.00,1/318,1443
39%,1190000,1598203621,0.00,0.00,0.00,1/318,1451
39%,1185000,1598203681,0.00,0.00,0.00,1/318,1459
39%,1181000,1598203741,0.00,0.00,0.00,1/317,1468
39%,1176000,1598203801,0.05,0.01,0.00,1/315,1477
39%,1172000,1598203861,0.02,0.01,0.00,1/316,1486
38%,1167000,1598203921,0.00,0.00,0.00,1/318,1506
38%,1163000,1598203981,0.00,0.00,0.00,1/316,1514
38%,1159000,1598204041,0.00,0.00,0.00,1/316,1522
38%,1154000,1598204101,0.00,0.00,0.00,1/316,1532
38%,1150000,1598204161,0.00,0.00,0.00,1/315,1540
38%,1145000,1598204221,0.00,0.00,0.00,1/315,1549
38%,1141000,1598204281,0.00,0.00,0.00,1/315,1557
37%,1136000,1598204342,0.00,0.00,0.00,1/316,1567
37%,1132000,1598204401,0.00,0.00,0.00,1/317,1577
37%,1128000,1598204461,0.00,0.00,0.00,1/317,1586
37%,1123000,1598204521,0.00,0.00,0.00,1/318,1595
37%,1119000,1598204581,0.00,0.00,0.00,1/317,1604
37%,1114000,1598204641,0.00,0.00,0.00,1/316,1612
37%,1110000,1598204702,0.00,0.00,0.00,1/315,1621
36%,1106000,1598204761,0.00,0.00,0.00,1/316,1630
36%,1101000,1598204821,0.00,0.00,0.00,1/316,1639
36%,1097000,1598204881,0.00,0.00,0.00,1/316,1647
36%,1092000,1598204941,0.00,0.00,0.00,1/316,1655
36%,1088000,1598205001,0.00,0.00,0.00,1/316,1663
36%,1083000,1598205062,0.00,0.00,0.00,1/315,1672
35%,1079000,1598205121,0.00,0.00,0.00,1/317,1683
35%,1075000,1598205181,0.00,0.00,0.00,1/316,1692
35%,1070000,1598205241,0.00,0.00,0.00,1/317,1701
35%,1066000,1598205301,0.11,0.04,0.01,2/317,1709
35%,1061000,1598205361,0.04,0.03,0.01,1/317,1718
35%,1057000,1598205422,0.01,0.02,0.00,1/317,1727
35%,1052000,1598205481,0.00,0.02,0.00,1/317,1735
34%,1048000,1598205541,0.00,0.01,0.00,1/316,1744
34%,1044000,1598205601,0.00,0.01,0.00,1/316,1752
34%,1039000,1598205661,0.05,0.02,0.00,1/316,1761
34%,1035000,1598205721,0.02,0.01,0.00,1/316,1770
34%,1030000,1598205782,0.00,0.00,0.00,1/316,1779
34%,1026000,1598205841,0.00,0.00,0.00,1/316,1787
34%,1022000,1598205901,0.00,0.00,0.00,1/316,1797
33%,1017000,1598205961,0.00,0.00,0.00,1/316,1807
33%,1009000,1598206021,0.25,0.08,0.02,1/323,1839
33%,1005000,1598206081,0.14,0.07,0.02,1/321,1847
33%,1000000,1598206141,0.05,0.06,0.02,1/321,1855
33%,996000,1598206201,0.02,0.05,0.01,1/321,1863
33%,991000,1598206261,0.00,0.03,0.01,1/321,1874
32%,987000,1598206321,0.00,0.03,0.00,1/318,1886
32%,983000,1598206381,0.00,0.02,0.00,1/317,1894
32%,978000,1598206441,0.00,0.01,0.00,1/317,1902
32%,974000,1598206501,0.00,0.01,0.00,1/317,1910
32%,969000,1598206561,0.00,0.00,0.00,1/316,1918
32%,965000,1598206621,0.00,0.00,0.00,1/314,1929
32%,961000,1598206681,0.00,0.00,0.00,1/314,1937
31%,956000,1598206741,0.00,0.00,0.00,1/314,1946
31%,952000,1598206801,0.00,0.00,0.00,1/315,1955
31%,947000,1598206861,0.07,0.02,0.00,1/315,1963
31%,943000,1598206922,0.02,0.01,0.00,1/316,1973
31%,938000,1598206981,0.01,0.00,0.00,1/315,1981
31%,934000,1598207041,0.00,0.00,0.00,1/315,1989
31%,930000,1598207101,0.00,0.00,0.00,1/314,1997
30%,925000,1598207161,0.00,0.00,0.00,1/314,2005
30%,921000,1598207221,0.00,0.00,0.00,1/314,2013
30%,916000,1598207282,0.00,0.00,0.00,1/314,2022
30%,912000,1598207341,0.00,0.00,0.00,1/314,2030
30%,908000,1598207401,0.00,0.00,0.00,1/314,2039
30%,903000,1598207461,0.00,0.00,0.00,1/314,2047
29%,899000,1598207521,0.00,0.00,0.00,1/316,2058
29%,894000,1598207581,0.00,0.00,0.00,1/315,2066
29%,890000,1598207642,0.00,0.00,0.00,1/315,2075
29%,886000,1598207701,0.16,0.03,0.01,1/315,2083
29%,881000,1598207761,0.06,0.03,0.00,1/315,2091
29%,877000,1598207821,0.02,0.02,0.00,1/315,2099
29%,872000,1598207881,0.14,0.05,0.01,1/314,2107
28%,868000,1598207941,0.05,0.03,0.00,2/314,2115
28%,863000,1598208002,0.02,0.03,0.00,1/314,2125
28%,859000,1598208061,0.00,0.02,0.00,1/314,2133
28%,855000,1598208121,0.00,0.01,0.00,1/315,2142
28%,850000,1598208181,0.00,0.01,0.00,1/314,2150
28%,846000,1598208241,0.38,0.10,0.03,1/314,2158
28%,841000,1598208301,0.14,0.08,0.02,1/314,2167
27%,837000,1598208362,0.05,0.06,0.02,1/315,2178
27%,833000,1598208421,0.02,0.05,0.01,1/315,2186
27%,828000,1598208481,0.00,0.04,0.00,1/316,2195
27%,824000,1598208541,0.00,0.03,0.00,1/318,2205
27%,819000,1598208601,0.00,0.02,0.00,1/318,2213
27%,815000,1598208661,0.00,0.02,0.00,1/317,2222
27%,810000,1598208721,0.00,0.01,0.00,1/318,2231
26%,804000,1598208781,0.06,0.03,0.01,1/317,2244
26%,799000,1598208841,0.02,0.02,0.00,1/315,2252
26%,795000,1598208901,0.01,0.02,0.00,1/315,2260
26%,790000,1598208961,0.00,0.01,0.00,1/315,2268
26%,786000,1598209021,0.00,0.01,0.00,1/316,2279
26%,782000,1598209081,0.00,0.00,0.00,3/315,2287
25%,777000,1598209141,0.04,0.01,0.00,1/315,2296
25%,773000,1598209201,0.01,0.01,0.00,1/315,2305
25%,768000,1598209261,0.00,0.00,0.00,1/315,2313
25%,764000,1598209321,0.00,0.00,0.00,1/315,2322
25%,759000,1598209381,0.00,0.00,0.00,1/314,2331
25%,755000,1598209441,0.00,0.00,0.00,2/314,2339
25%,750000,1598209502,0.00,0.00,0.00,1/314,2347
24%,746000,1598209561,0.00,0.00,0.00,1/314,2355
24%,742000,1598209621,0.00,0.00,0.00,1/314,2363
24%,737000,1598209681,0.05,0.01,0.00,1/315,2372
24%,733000,1598209741,0.02,0.01,0.00,1/315,2381
24%,728000,1598209801,0.00,0.00,0.00,1/315,2389
24%,724000,1598209862,0.00,0.00,0.00,1/315,2397
23%,720000,1598209921,0.06,0.01,0.00,1/316,2407
23%,715000,1598209981,0.02,0.01,0.00,1/314,2415
23%,711000,1598210041,0.00,0.00,0.00,1/314,2423
23%,706000,1598210101,0.00,0.00,0.00,1/314,2432
23%,702000,1598210161,0.00,0.00,0.00,2/314,2440
23%,697000,1598210222,0.00,0.00,0.00,1/314,2449
23%,693000,1598210281,0.00,0.00,0.00,1/314,2457
22%,689000,1598210341,0.00,0.00,0.00,1/315,2466
22%,684000,1598210401,0.00,0.00,0.00,1/315,2474
22%,680000,1598210461,0.00,0.00,0.00,1/315,2483
22%,675000,1598210521,0.05,0.01,0.00,1/316,2493
22%,671000,1598210582,0.02,0.01,0.00,1/315,2501
22%,667000,1598210641,0.00,0.00,0.00,1/314,2509
22%,662000,1598210701,0.00,0.00,0.00,1/315,2518
21%,658000,1598210761,0.00,0.00,0.00,1/316,2528
21%,653000,1598210821,0.00,0.00,0.00,1/316,2537
21%,649000,1598210881,0.00,0.00,0.00,1/316,2545
21%,644000,1598210942,0.00,0.00,0.00,1/316,2554
21%,640000,1598211001,0.00,0.00,0.00,1/315,2562
21%,636000,1598211061,0.00,0.00,0.00,2/314,2570
21%,631000,1598211121,0.00,0.00,0.00,1/315,2579
20%,627000,1598211181,0.00,0.00,0.00,1/314,2588
20%,622000,1598211241,0.00,0.00,0.00,1/315,2597
20%,618000,1598211301,0.00,0.00,0.00,1/315,2605
20%,614000,1598211361,0.00,0.00,0.00,1/315,2613
20%,609000,1598211421,0.00,0.00,0.00,1/315,2621
20%,605000,1598211481,0.00,0.00,0.00,1/315,2630
20%,600000,1598211541,0.04,0.01,0.00,1/314,2639
19%,596000,1598211601,0.01,0.01,0.00,1/316,2650
19%,591000,1598211661,0.00,0.00,0.00,1/316,2658
19%,587000,1598211722,0.00,0.00,0.00,1/317,2667
19%,583000,1598211781,0.00,0.00,0.00,1/317,2676
19%,578000,1598211841,0.00,0.00,0.00,1/317,2684
19%,574000,1598211901,0.00,0.00,0.00,1/315,2693
18%,569000,1598211961,0.00,0.00,0.00,1/316,2702
18%,565000,1598212021,0.00,0.00,0.00,1/316,2710
18%,560000,1598212082,0.00,0.00,0.00,1/315,2718
18%,556000,1598212141,0.00,0.00,0.00,1/315,2726
18%,552000,1598212201,0.05,0.01,0.00,1/315,2734
18%,547000,1598212261,0.02,0.01,0.00,1/314,2743
18%,543000,1598212321,0.00,0.00,0.00,1/315,2752
17%,538000,1598212381,0.00,0.00,0.00,1/315,2762
17%,534000,1598212442,0.00,0.00,0.00,1/315,2771
17%,530000,1598212501,0.00,0.00,0.00,1/315,2779
17%,525000,1598212561,0.00,0.00,0.00,1/315,2787
17%,521000,1598212621,0.00,0.00,0.00,1/315,2796
17%,516000,1598212681,0.00,0.00,0.00,1/315,2805
17%,512000,1598212741,0.00,0.00,0.00,1/316,2814
16%,507000,1598212802,0.00,0.00,0.00,1/316,2822
16%,503000,1598212861,0.06,0.02,0.00,1/316,2830
16%,499000,1598212921,0.02,0.01,0.00,1/317,2839
16%,494000,1598212981,0.01,0.00,0.00,1/315,2848
16%,490000,1598213041,0.00,0.00,0.00,1/314,2856
16%,485000,1598213101,0.00,0.00,0.00,1/314,2864
16%,481000,1598213161,0.00,0.00,0.00,1/314,2872
15%,477000,1598213221,0.00,0.00,0.00,1/314,2882
15%,472000,1598213281,0.00,0.00,0.00,1/314,2890
15%,468000,1598213341,0.00,0.00,0.00,1/314,2899
15%,463000,1598213401,0.00,0.00,0.00,1/314,2907
15%,459000,1598213461,0.00,0.00,0.00,1/314,2915
15%,455000,1598213521,0.00,0.00,0.00,1/315,2925
15%,450000,1598213581,0.00,0.00,0.00,1/314,2933
14%,446000,1598213641,0.00,0.00,0.00,1/315,2942
14%,442000,1598213701,0.00,0.00,0.00,1/315,2951
14%,437000,1598213761,0.00,0.00,0.00,1/315,2959
14%,433000,1598213821,0.00,0.00,0.00,1/315,2968
14%,429000,1598213881,0.00,0.00,0.00,1/316,2978
14%,424000,1598213942,0.00,0.00,0.00,1/315,2986
14%,420000,1598214001,0.08,0.02,0.01,1/315,2994
13%,416000,1598214061,0.03,0.01,0.00,1/316,3005
13%,412000,1598214121,0.01,0.00,0.00,1/317,3014
13%,402000,1598214181,0.70,0.16,0.05,1/320,3048
13%,397000,1598214241,0.26,0.13,0.04,1/319,3056
13%,393000,1598214302,0.09,0.10,0.04,1/319,3064
12%,389000,1598214361,0.04,0.08,0.03,1/318,3074
62%,1885000,1598453460,1.83,0.61,0.21,2/350,1134
62%,1874000,1598453521,0.89,0.57,0.22,1/350,1145
62%,1862000,1598453581,0.79,0.59,0.25,1/350,1157
61%,1849000,1598453641,1.00,0.68,0.31,1/351,1167
61%,1837000,1598453701,1.01,0.75,0.36,1/350,1179
60%,1824000,1598453761,1.13,0.85,0.42,1/328,1192
60%,1811000,1598453821,1.37,0.96,0.48,2/335,1322
59%,1797000,1598453881,1.31,1.02,0.54,2/335,1342
59%,1784000,1598453941,1.51,1.13,0.61,1/341,1567
59%,1772000,1598454001,0.89,1.05,0.62,1/342,1576
58%,1760000,1598454061,0.54,0.92,0.60,1/344,1727
58%,1753000,1598454122,0.36,0.80,0.58,1/339,1820
58%,1747000,1598454181,0.14,0.66,0.54,1/336,1828
58%,1742000,1598454241,0.05,0.54,0.50,1/332,1837
57%,1737000,1598454301,0.02,0.44,0.47,2/333,1851
57%,1723000,1598454361,1.35,0.74,0.57,2/392,2023
56%,1709000,1598454421,1.20,0.84,0.62,1/385,2048
56%,1695000,1598454481,1.61,1.04,0.70,1/391,2093
56%,1682000,1598454541,1.73,1.16,0.77,2/385,2114
55%,1669000,1598454601,1.58,1.21,0.81,2/384,2143
55%,1655000,1598454661,1.15,1.16,0.82,2/390,2191
54%,1643000,1598454721,0.53,0.99,0.78,1/382,2216
54%,1631000,1598454781,0.45,0.90,0.76,1/390,2247
54%,1624000,1598454842,0.26,0.77,0.73,1/385,2259
53%,1612000,1598454901,0.70,0.79,0.74,1/384,2295
53%,1600000,1598454961,0.75,0.78,0.74,1/384,2329
52%,1586000,1598455021,1.15,0.90,0.78,2/393,2386
52%,1572000,1598455081,1.01,0.91,0.79,1/389,2424
51%,1559000,1598455141,1.07,0.93,0.81,1/396,2553
51%,1545000,1598455201,1.52,1.11,0.88,1/336,2576
51%,1536000,1598455261,0.56,0.90,0.82,1/336,2586
50%,1525000,1598455321,0.64,0.86,0.81,1/339,2614
50%,1512000,1598455381,0.86,0.85,0.81,2/385,2789
50%,1506000,1598455441,0.31,0.69,0.76,1/380,2813
49%,1494000,1598455501,1.12,0.83,0.80,1/386,2873
49%,1482000,1598455561,0.72,0.78,0.79,1/328,3109
49%,1471000,1598455621,0.57,0.72,0.76,1/334,3153
48%,1458000,1598455682,0.62,0.69,0.75,1/334,3177
48%,1451000,1598455741,0.79,0.77,0.77,1/330,3189
48%,1446000,1598455801,0.29,0.63,0.72,2/328,3197
47%,1435000,1598455861,0.10,0.51,0.67,1/325,3220
47%,1428000,1598455921,0.20,0.45,0.64,1/325,3236
47%,1419000,1598455981,0.30,0.45,0.63,1/326,3354
47%,1410000,1598456041,0.98,0.56,0.65,2/387,3511
46%,1396000,1598456101,1.26,0.73,0.71,1/384,3567
46%,1383000,1598456161,1.62,0.91,0.77,3/385,3600
45%,1369000,1598456221,1.61,1.05,0.83,1/334,3655
45%,1358000,1598456281,0.81,0.90,0.79,1/331,3671
45%,1353000,1598456341,0.30,0.74,0.74,1/331,3680
61%,1851000,1598575321,2.34,0.57,0.19,2/394,1060
61%,1843000,1598575381,0.96,0.51,0.19,1/344,1186
61%,1838000,1598575441,0.35,0.41,0.18,1/343,1194
61%,1833000,1598575501,0.13,0.34,0.16,1/343,1203
60%,1828000,1598575561,0.04,0.27,0.15,1/343,1212
60%,1817000,1598575621,0.16,0.27,0.16,1/336,1238
60%,1805000,1598575681,0.19,0.25,0.16,1/329,1256
59%,1796000,1598575741,0.21,0.26,0.17,1/329,1270
59%,1791000,1598575801,0.08,0.21,0.16,1/329,1279
59%,1784000,1598575861,0.17,0.21,0.16,1/326,1294
59%,1778000,1598575921,0.06,0.17,0.15,2/326,1305
59%,1773000,1598575981,0.12,0.18,0.16,1/323,1349
58%,1769000,1598576041,0.04,0.14,0.15,1/322,1357
58%,1764000,1598576101,0.01,0.12,0.13,1/321,1365
58%,1756000,1598576161,0.36,0.17,0.15,1/345,1435
58%,1743000,1598576221,0.58,0.28,0.19,1/340,1837
57%,1733000,1598576281,0.37,0.28,0.19,1/319,1878
54%,1631000,1598576461,1.22,0.38,0.13,1/346,1047
54%,1623000,1598576520,0.81,0.44,0.17,1/342,1062
53%,1618000,1598576581,0.29,0.35,0.16,1/342,1071
53%,1612000,1598576641,0.11,0.29,0.14,1/342,1079
53%,1607000,1598576701,0.04,0.23,0.13,1/342,1087
53%,1602000,1598576761,0.01,0.19,0.12,1/326,1099
53%,1596000,1598576821,0.00,0.15,0.11,1/324,1109
53%,1591000,1598576882,0.00,0.12,0.10,1/324,1118
52%,1586000,1598576941,0.00,0.10,0.09,1/325,1129
52%,1581000,1598577001,0.00,0.08,0.08,1/325,1138
52%,1575000,1598577061,0.00,0.06,0.08,1/324,1149
52%,1570000,1598577121,0.00,0.05,0.07,1/323,1158
52%,1565000,1598577181,0.00,0.04,0.06,1/322,1166
52%,1560000,1598577242,0.00,0.03,0.06,1/321,1174
51%,1555000,1598577301,0.00,0.02,0.05,1/321,1182
51%,1549000,1598577361,0.25,0.09,0.08,1/323,1193
51%,1544000,1598577421,0.09,0.07,0.07,1/323,1204
51%,1539000,1598577481,0.13,0.09,0.07,1/323,1213
51%,1534000,1598577541,0.05,0.07,0.07,1/324,1223
50%,1528000,1598577602,0.02,0.05,0.06,2/324,1232
50%,1523000,1598577661,0.00,0.04,0.06,1/322,1241
50%,1518000,1598577721,0.18,0.08,0.07,1/322,1249
50%,1513000,1598577781,0.15,0.09,0.07,1/322,1258
50%,1507000,1598577841,0.05,0.07,0.07,1/321,1266
50%,1502000,1598577901,0.02,0.06,0.06,1/321,1274
49%,1497000,1598577962,0.00,0.04,0.06,2/321,1282
49%,1492000,1598578021,0.00,0.03,0.05,1/321,1292
49%,1486000,1598578081,0.00,0.02,0.04,1/321,1301
49%,1481000,1598578141,0.00,0.02,0.04,2/321,1311
49%,1476000,1598578201,0.00,0.01,0.03,1/321,1319
49%,1471000,1598578261,0.06,0.02,0.03,1/321,1328
48%,1465000,1598578322,0.02,0.02,0.03,1/321,1338
48%,1460000,1598578381,0.01,0.01,0.02,1/321,1346
48%,1455000,1598578441,0.08,0.02,0.02,2/321,1354
48%,1450000,1598578501,0.03,0.02,0.02,1/321,1363
48%,1444000,1598578561,0.01,0.01,0.01,1/323,1373
47%,1439000,1598578621,0.00,0.01,0.00,2/323,1382
47%,1434000,1598578681,0.00,0.00,0.00,1/323,1390
47%,1429000,1598578741,0.06,0.01,0.00,1/323,1398
47%,1423000,1598578801,0.07,0.03,0.00,2/323,1406
47%,1418000,1598578861,0.02,0.02,0.00,1/321,1417
47%,1413000,1598578921,0.09,0.03,0.01,1/321,1425
46%,1407000,1598578982,0.03,0.02,0.00,2/321,1435
46%,1402000,1598579041,0.01,0.02,0.00,1/322,1444
46%,1397000,1598579101,0.08,0.04,0.01,1/321,1452
46%,1392000,1598579161,0.03,0.03,0.00,1/321,1460
46%,1386000,1598579221,0.04,0.04,0.00,1/321,1469
46%,1381000,1598579281,0.01,0.03,0.00,1/321,1478
45%,1376000,1598579341,0.17,0.07,0.01,1/322,1487
45%,1369000,1598579402,0.19,0.11,0.03,1/326,1538
45%,1365000,1598579461,0.07,0.09,0.02,1/326,1547
45%,1361000,1598579521,0.02,0.07,0.02,2/326,1555
45%,1356000,1598579581,0.09,0.07,0.02,1/327,1566
45%,1352000,1598579641,0.03,0.05,0.01,1/327,1575
44%,1347000,1598579701,0.01,0.04,0.01,1/320,1587
44%,1343000,1598579762,0.00,0.03,0.00,1/321,1596
44%,1339000,1598579821,0.00,0.02,0.00,1/322,1605
44%,1334000,1598579881,0.00,0.02,0.00,2/321,1613
44%,1330000,1598579941,0.00,0.01,0.00,1/320,1622
44%,1325000,1598580001,0.00,0.01,0.00,1/318,1630
44%,1321000,1598580061,0.00,0.00,0.00,1/317,1651
43%,1316000,1598580122,0.00,0.00,0.00,1/316,1659
43%,1312000,1598580181,0.00,0.00,0.00,1/316,1667
43%,1308000,1598580241,0.00,0.00,0.00,1/317,1676
43%,1303000,1598580301,0.00,0.00,0.00,1/317,1685
43%,1299000,1598580361,0.00,0.00,0.00,1/316,1693
43%,1294000,1598580421,0.00,0.00,0.00,1/317,1702
43%,1290000,1598580481,0.00,0.00,0.00,1/317,1710
42%,1285000,1598580541,0.00,0.00,0.00,1/317,1720
42%,1281000,1598580601,0.00,0.00,0.00,1/317,1728
42%,1277000,1598580661,0.00,0.00,0.00,1/317,1738
42%,1272000,1598580721,0.00,0.00,0.00,1/317,1746
42%,1268000,1598580781,0.00,0.00,0.00,1/317,1754
42%,1263000,1598580841,0.00,0.00,0.00,1/316,1762
41%,1259000,1598580901,0.00,0.00,0.00,1/316,1770
41%,1254000,1598580961,0.00,0.00,0.00,1/316,1778
41%,1250000,1598581021,0.06,0.02,0.00,1/316,1788
41%,1246000,1598581081,0.02,0.01,0.00,1/317,1797
41%,1241000,1598581142,0.01,0.00,0.00,1/317,1805
41%,1237000,1598581201,0.06,0.01,0.00,1/317,1813
41%,1232000,1598581261,0.02,0.01,0.00,1/317,1823
40%,1228000,1598581321,0.00,0.00,0.00,1/318,1833
40%,1224000,1598581381,0.07,0.02,0.00,1/317,1842
40%,1219000,1598581441,0.06,0.03,0.00,1/317,1850
40%,1215000,1598581502,0.02,0.02,0.00,1/317,1858
40%,1210000,1598581561,0.00,0.01,0.00,1/317,1867
40%,1206000,1598581621,0.00,0.01,0.00,1/316,1875
40%,1202000,1598581681,0.00,0.00,0.00,1/316,1883
39%,1197000,1598581741,0.00,0.00,0.00,1/316,1892
39%,1193000,1598581801,0.00,0.00,0.00,1/316,1900
39%,1188000,1598581861,0.00,0.00,0.00,1/317,1910
39%,1174000,1598581922,0.87,0.22,0.07,1/398,2136
38%,1159000,1598581981,1.33,0.45,0.16,3/390,2190
38%,1144000,1598582041,1.28,0.58,0.22,1/404,2233
37%,1129000,1598582101,1.53,0.77,0.31,3/401,2260
37%,1114000,1598582161,1.34,0.87,0.37,1/398,2285
36%,1098000,1598582221,1.95,1.15,0.50,2/393,2389
36%,1082000,1598582281,1.74,1.23,0.57,2/395,2410
35%,1067000,1598582341,1.68,1.32,0.65,2/393,2422
35%,1052000,1598582401,1.76,1.40,0.72,3/398,2447
34%,1038000,1598582461,1.52,1.39,0.76,2/395,2463
34%,1023000,1598582521,1.37,1.38,0.80,2/388,2478
33%,1008000,1598582581,1.31,1.37,0.84,1/386,2492
33%,994000,1598582641,1.11,1.29,0.84,2/388,2510
32%,980000,1598582701,1.29,1.32,0.88,1/386,2528
32%,967000,1598582761,0.90,1.19,0.86,1/387,2549
31%,953000,1598582821,0.85,1.12,0.86,1/389,2566
31%,939000,1598582881,1.14,1.15,0.89,2/388,2600
30%,923000,1598582941,1.46,1.23,0.93,2/391,2618
30%,910000,1598583001,1.37,1.26,0.97,2/390,2649
29%,895000,1598583061,1.23,1.23,0.98,2/390,2672
29%,881000,1598583121,1.47,1.28,1.01,2/390,2688
28%,868000,1598583181,1.18,1.23,1.01,1/388,2712
28%,855000,1598583241,1.20,1.21,1.02,1/392,2737
28%,841000,1598583301,1.17,1.19,1.02,2/390,2760
27%,827000,1598583362,1.09,1.17,1.02,1/390,2776
27%,814000,1598583421,1.08,1.13,1.01,2/389,2802
26%,799000,1598583481,1.15,1.14,1.02,2/389,2817
26%,784000,1598583541,1.52,1.25,1.07,1/388,2834
25%,769000,1598583601,1.35,1.24,1.07,2/389,2858
25%,755000,1598583661,1.22,1.22,1.08,1/387,2876
24%,741000,1598583721,1.47,1.29,1.11,3/389,2898
24%,726000,1598583781,1.43,1.31,1.13,2/390,2913
23%,712000,1598583841,1.28,1.29,1.13,1/385,2930
23%,697000,1598583901,1.30,1.29,1.14,2/390,2951
22%,682000,1598583961,1.26,1.28,1.15,2/386,2967
22%,667000,1598584021,1.37,1.32,1.17,2/387,2992
21%,652000,1598584081,1.42,1.34,1.19,2/385,3007
21%,637000,1598584141,1.49,1.37,1.20,2/386,3037
20%,622000,1598584201,1.46,1.38,1.22,2/387,3068
20%,608000,1598584261,1.11,1.29,1.19,2/388,3092
19%,594000,1598584321,0.99,1.22,1.17,2/387,3118
19%,580000,1598584381,1.44,1.27,1.19,2/390,3150
18%,565000,1598584441,1.37,1.29,1.20,2/391,3174
18%,551000,1598584501,1.22,1.26,1.20,2/385,3201
17%,537000,1598584561,0.94,1.18,1.17,2/388,3229
17%,523000,1598584621,1.27,1.21,1.18,1/394,3261
16%,508000,1598584681,1.36,1.25,1.20,2/389,3278
16%,493000,1598584741,1.44,1.29,1.21,1/393,3310
16%,480000,1598584801,0.92,1.16,1.17,1/388,3337
15%,465000,1598584861,1.25,1.21,1.19,3/389,3353
15%,450000,1598584922,1.51,1.29,1.22,2/389,3376
14%,435000,1598584981,1.45,1.31,1.22,2/388,3412
14%,421000,1598585041,1.26,1.29,1.22,2/387,3441
13%,407000,1598585101,1.11,1.25,1.22,2/387,3463
13%,393000,1598585161,1.28,1.26,1.22,2/391,3492
12%,378000,1598585221,1.33,1.27,1.22,2/389,3507
12%,363000,1598585281,1.51,1.32,1.24,2/390,3538
11%,348000,1598585341,1.41,1.33,1.25,2/390,3555
11%,333000,1598585401,1.65,1.40,1.28,2/390,3577
10%,319000,1598585461,1.30,1.33,1.26,1/316,3654
11%,347000,1598746021,1.77,0.70,0.26,1/340,995
11%,338000,1598746081,0.69,0.59,0.24,1/342,1087
11%,331000,1598746141,0.59,0.57,0.26,1/346,1165
10%,319000,1598746200,1.39,0.79,0.36,4/406,2051
10%,305000,1598746261,1.56,0.97,0.45,1/347,2147
12%,365000,1598746321,1.13,0.25,0.08,14/339,771
11%,353000,1598746382,1.68,0.60,0.22,2/337,930
11%,341000,1598746441,1.18,0.66,0.26,1/342,965
11%,330000,1598746501,0.56,0.58,0.26,1/337,977
10%,325000,1598746561,0.24,0.49,0.25,1/337,986
10%,319000,1598746621,0.09,0.40,0.23,1/337,997
10%,313000,1598746681,0.03,0.32,0.22,1/319,1006
10%,302000,1598746741,0.51,0.38,0.24,1/324,1037
0%,7000,1598916061,1.27,0.55,0.20,2/341,986
0%,24000,1598916121,0.50,0.46,0.19,1/344,1044
1%,42000,1598916181,0.22,0.39,0.18,1/340,1102
2%,60000,1598916241,0.08,0.32,0.17,2/340,1110
2%,77000,1598916301,0.03,0.26,0.16,2/330,1120
3%,94000,1598916361,0.01,0.21,0.14,1/321,1130
3%,104000,1598916421,0.00,0.17,0.13,1/316,1138
3%,114000,1598916481,0.00,0.13,0.12,1/316,1146
4%,131000,1598916541,0.00,0.11,0.11,2/316,1154
4%,148000,1598916601,0.00,0.08,0.10,1/317,1163
5%,165000,1598916662,0.00,0.07,0.09,1/315,1173
6%,182000,1598916721,0.00,0.05,0.08,1/316,1182
6%,199000,1598916781,0.00,0.04,0.08,2/316,1190
7%,215000,1598916841,0.00,0.03,0.07,1/316,1198
7%,232000,1598916901,0.00,0.02,0.06,1/318,1209
8%,249000,1598916961,0.00,0.02,0.06,1/318,1219
8%,266000,1598917022,0.08,0.03,0.06,1/317,1227
9%,283000,1598917081,0.03,0.02,0.05,1/317,1235
9%,300000,1598917141,0.07,0.05,0.06,1/317,1243
10%,316000,1598917201,0.02,0.03,0.05,1/318,1252
11%,333000,1598917261,0.01,0.03,0.05,1/315,1260
11%,350000,1598917321,0.00,0.02,0.04,1/315,1269
12%,367000,1598917382,0.00,0.01,0.03,3/315,1277
12%,383000,1598917441,0.00,0.01,0.03,1/316,1286
13%,400000,1598917501,0.00,0.00,0.02,1/317,1295
13%,417000,1598917561,0.00,0.00,0.02,1/317,1303
14%,434000,1598917621,0.00,0.00,0.01,1/317,1313
15%,451000,1598917682,0.00,0.00,0.01,1/318,1322
15%,467000,1598917741,0.00,0.00,0.00,2/317,1330
16%,484000,1598917801,0.00,0.00,0.00,1/317,1339
16%,501000,1598917861,0.00,0.00,0.00,1/316,1347
17%,518000,1598917921,0.00,0.00,0.00,1/316,1355
17%,534000,1598917981,0.00,0.00,0.00,2/315,1364
18%,551000,1598918042,0.00,0.00,0.00,2/315,1372
18%,568000,1598918101,0.00,0.00,0.00,1/315,1381
19%,584000,1598918161,0.00,0.00,0.00,1/315,1389
20%,601000,1598918221,0.00,0.00,0.00,1/315,1397
20%,618000,1598918281,0.00,0.00,0.00,1/315,1406
21%,634000,1598918341,0.00,0.00,0.00,2/315,1414
21%,651000,1598918402,0.00,0.00,0.00,4/316,1423
22%,668000,1598918461,0.00,0.00,0.00,1/315,1432
22%,684000,1598918521,0.00,0.00,0.00,1/315,1440
23%,701000,1598918581,0.03,0.01,0.00,1/315,1448
23%,718000,1598918641,0.05,0.02,0.00,1/315,1457
24%,734000,1598918702,0.02,0.02,0.00,1/315,1465
25%,751000,1598918761,0.00,0.01,0.00,2/315,1473
25%,767000,1598918821,0.00,0.01,0.00,2/316,1482
26%,784000,1598918881,0.08,0.02,0.01,2/316,1491
26%,801000,1598918941,0.03,0.01,0.00,2/316,1500
27%,817000,1598919001,0.01,0.00,0.00,1/317,1509
27%,834000,1598919062,0.00,0.00,0.00,1/316,1517
28%,850000,1598919121,0.00,0.00,0.00,1/315,1525
28%,867000,1598919181,0.00,0.00,0.00,1/315,1533
29%,883000,1598919241,0.00,0.00,0.00,2/315,1541
30%,900000,1598919301,0.00,0.00,0.00,2/315,1550
30%,916000,1598919361,0.33,0.09,0.03,1/320,1566
31%,932000,1598919422,0.12,0.07,0.02,3/319,1575
31%,949000,1598919481,0.05,0.06,0.02,1/319,1583
32%,965000,1598919541,0.02,0.04,0.01,1/319,1591
32%,982000,1598919601,0.00,0.03,0.00,1/321,1603
33%,999000,1598919661,0.00,0.03,0.00,1/316,1619
33%,1015000,1598919721,0.09,0.05,0.01,1/316,1627
34%,1032000,1598919782,0.03,0.04,0.00,2/316,1635
34%,1048000,1598919841,0.01,0.03,0.00,1/316,1643
35%,1065000,1598919901,0.00,0.02,0.00,1/315,1651
36%,1081000,1598919961,0.00,0.02,0.00,1/315,1660
36%,1098000,1598920021,0.00,0.01,0.00,1/315,1668
37%,1114000,1598920081,0.00,0.00,0.00,1/315,1676
37%,1131000,1598920142,0.00,0.00,0.00,1/315,1685
38%,1147000,1598920201,0.00,0.00,0.00,1/316,1694
38%,1164000,1598920261,0.00,0.00,0.00,1/316,1703
39%,1180000,1598920321,0.04,0.01,0.00,1/316,1712
39%,1197000,1598920381,0.01,0.01,0.00,1/316,1720
40%,1213000,1598920441,0.00,0.00,0.00,1/316,1728
41%,1230000,1598920502,0.00,0.00,0.00,1/314,1736
41%,1246000,1598920561,0.00,0.00,0.00,1/315,1745
42%,1263000,1598920621,0.00,0.00,0.00,1/315,1753
42%,1279000,1598920681,0.00,0.00,0.00,1/315,1762
43%,1296000,1598920741,0.00,0.00,0.00,1/315,1770
43%,1312000,1598920801,0.00,0.00,0.00,1/316,1779
44%,1329000,1598920862,0.00,0.00,0.00,1/315,1787
44%,1345000,1598920921,0.00,0.00,0.00,1/316,1796
45%,1362000,1598920981,0.00,0.00,0.00,1/316,1804
45%,1378000,1598921041,0.00,0.00,0.00,1/316,1813
46%,1395000,1598921101,0.00,0.00,0.00,1/316,1821
47%,1411000,1598921161,0.04,0.01,0.00,1/317,1830
47%,1427000,1598921221,0.01,0.01,0.00,1/318,1840
48%,1444000,1598921281,0.00,0.00,0.00,1/318,1848
48%,1460000,1598921341,0.00,0.00,0.00,1/318,1856
49%,1477000,1598921401,0.00,0.00,0.00,1/319,1868
49%,1493000,1598921461,0.00,0.00,0.00,1/317,1876
50%,1510000,1598921521,0.03,0.01,0.00,1/315,1884
50%,1526000,1598921581,0.01,0.01,0.00,2/315,1892
51%,1543000,1598921642,0.00,0.00,0.00,1/315,1900
51%,1559000,1598921701,0.00,0.00,0.00,1/315,1909
52%,1575000,1598921761,0.00,0.00,0.00,1/315,1918
53%,1592000,1598921821,0.00,0.00,0.00,1/315,1926
53%,1608000,1598921881,0.00,0.00,0.00,1/315,1934
54%,1624000,1598921941,0.00,0.00,0.00,1/315,1942
54%,1641000,1598922002,0.04,0.01,0.00,1/316,1951
55%,1657000,1598922061,0.01,0.01,0.00,1/315,1959
55%,1673000,1598922121,0.00,0.00,0.00,1/315,1968
56%,1690000,1598922181,0.00,0.00,0.00,1/315,1976
56%,1706000,1598922241,0.00,0.00,0.00,1/316,1985
57%,1723000,1598922301,0.00,0.00,0.00,1/317,1994
57%,1739000,1598922362,0.00,0.00,0.00,1/317,2002
58%,1755000,1598922421,0.00,0.00,0.00,2/317,2010
59%,1772000,1598922481,0.00,0.00,0.00,1/317,2019
59%,1788000,1598922541,0.06,0.02,0.00,1/317,2028
60%,1804000,1598922601,0.02,0.01,0.00,1/317,2037
60%,1821000,1598922661,0.01,0.00,0.00,1/316,2045
61%,1837000,1598922722,0.00,0.00,0.00,1/316,2053
61%,1853000,1598922781,0.00,0.00,0.00,1/316,2061
62%,1870000,1598922841,0.00,0.00,0.00,1/315,2070
62%,1886000,1598922901,0.00,0.00,0.00,1/315,2078
63%,1901000,1598922961,0.15,0.03,0.01,1/324,2100
63%,1913000,1598923021,0.08,0.04,0.01,2/323,2117
64%,1925000,1598923081,0.45,0.13,0.04,1/344,2587
64%,1938000,1598923142,0.46,0.20,0.07,1/341,2611
65%,1953000,1598923201,0.23,0.18,0.07,1/342,2620
65%,1965000,1598923261,0.85,0.34,0.13,7/346,2747
65%,1976000,1598923321,0.67,0.37,0.16,1/340,2879
66%,1982000,1598923381,2.72,0.97,0.37,5/340,3138
66%,1991000,1598923441,1.49,0.98,0.42,1/336,3152
66%,2001000,1598923501,1.16,0.94,0.44,5/348,3424
66%,2003000,1598923561,2.87,1.53,0.68,1/342,3454
66%,1993000,1598923621,1.30,1.34,0.67,1/335,3475
66%,1986000,1598923682,0.52,1.11,0.63,1/333,3486
66%,1980000,1598923741,0.19,0.90,0.58,1/332,3494
65%,1974000,1598923801,0.07,0.74,0.54,1/329,3505
65%,1968000,1598923861,0.02,0.60,0.51,1/329,3514
65%,1962000,1598923921,0.01,0.49,0.47,1/326,3523
65%,1956000,1598923981,0.00,0.40,0.44,1/326,3531
65%,1950000,1598924042,0.00,0.32,0.41,1/327,3540
64%,1944000,1598924101,0.00,0.26,0.38,1/326,3548
64%,1938000,1598924161,0.00,0.21,0.35,1/326,3557
64%,1932000,1598924221,0.00,0.17,0.33,1/325,3565
64%,1926000,1598924281,0.00,0.14,0.31,1/325,3573
64%,1921000,1598924341,0.00,0.11,0.28,2/324,3581
63%,1915000,1598924402,0.00,0.09,0.26,1/326,3591
63%,1909000,1598924461,0.00,0.07,0.25,1/325,3600
63%,1903000,1598924521,0.08,0.07,0.23,1/325,3609
63%,1897000,1598924581,0.03,0.05,0.22,1/325,3617
63%,1890000,1598924641,0.16,0.08,0.21,1/328,3630
62%,1878000,1598924701,0.35,0.15,0.23,1/336,3756
62%,1869000,1598924761,0.46,0.20,0.24,1/333,3792
62%,1861000,1598924821,0.72,0.29,0.27,2/398,3911
